2025-12-06 01:50:09 +08,feat,add error handling
2025-12-06 09:45:29 +08,feat,add caching layer
2025-12-07 03:22:29 +08,chore,add logging
2025-12-07 03:38:29 +08,chore,reorganize
2025-12-08 02:30:15 +08,feat,add database schema
2025-12-08 08:22:56 +08,fix,fix race condition
2025-12-08 11:43:32 +08,fix,fix bug
2025-12-08 17:32:09 +08,fix,fix security vulnerability
2025-12-08 23:27:03 +08,fix,fix UI glitch
2025-12-09 06:22:27 +08,feat,add UI components
2025-12-09 06:39:27 +08,fix,fix race condition
2025-12-09 07:02:27 +08,feat,add database schema
2025-12-09 16:19:50 +08,fix,fix build error
2025-12-10 01:23:26 +08,fix,fix test failure
2025-12-10 14:23:48 +08,feat,add database schema
2025-12-11 17:38:28 +08,fix,fix bug
2025-12-11 19:45:00 +08,feat,add responsive design
2025-12-11 20:53:13 +08,feat,add caching layer
2025-12-11 21:41:26 +08,chore,optimize
2025-12-11 22:25:04 +08,chore,optimize
2025-12-12 17:08:56 +08,fix,fix build error
2025-12-12 17:21:56 +08,fix,fix performance issue
2025-12-20 00:30:51 +08,feat,add form validation
2025-12-20 04:53:33 +08,fix,fix broken link
2025-12-21 00:27:55 +08,feat,add API documentation
2025-12-21 04:51:18 +08,fix,fix broken link
2025-12-21 13:49:40 +08,chore,improve error messages
2025-12-21 19:48:51 +08,fix,fix test failure
2025-12-22 21:36:18 +08,fix,fix performance issue
2025-12-22 22:27:18 +08,feat,add form validation
2025-12-22 23:46:54 +08,chore,reorganize
2025-12-23 00:45:54 +08,feat,add database schema
2025-12-23 10:39:33 +08,chore,add logging
2025-12-23 17:49:35 +08,feat,add database schema
2025-12-23 21:45:23 +08,fix,fix test failure
2025-12-23 23:14:20 +08,feat,add test coverage
2025-12-24 00:31:40 +08,feat,add error handling
2025-12-24 11:26:28 +08,fix,fix broken link
2025-12-24 15:15:24 +08,fix,fix test failure
2025-12-24 18:22:56 +08,fix,fix bug
2025-12-24 21:34:15 +08,fix,fix security vulnerability
2025-12-24 21:43:15 +08,fix,fix test failure
2025-12-25 06:03:11 +08,chore,enhance performance
2025-12-25 09:55:48 +08,fix,fix performance issue
2025-12-25 11:39:40 +08,chore,reorganize
2025-12-25 22:22:58 +08,feat,add UI components
2025-12-26 07:02:11 +08,feat,add database schema
2025-12-26 09:54:52 +08,feat,add database schema
2025-12-26 10:03:52 +08,fix,fix build error
2025-12-26 10:22:52 +08,chore,refactor
2025-12-26 17:26:29 +08,feat,add form validation
2025-12-29 06:14:06 +08,feat,add UI components
2025-12-29 15:13:03 +08,feat,add database schema
2025-12-29 22:24:54 +08,fix,fix broken link
2025-12-31 15:26:27 +08,fix,fix race condition
2025-12-31 17:38:22 +08,chore,improve error messages
2025-12-31 18:02:22 +08,fix,fix memory leak
2025-12-31 23:24:43 +08,fix,fix bug
2026-01-01 07:22:39 +08,feat,add form validation
2026-01-01 12:10:51 +08,fix,fix typo
2026-01-01 17:28:20 +08,fix,fix UI glitch
2026-01-01 18:29:20 +08,fix,fix test failure
